{
    "popularPosts": [
      {
        "title": "What's going to happen to Gaza?",
        "description": "The terrors, the humanitarian crisis, and the long cry for peace...",
        "room": "fr/worldnews",
        "roomImage": "images/FRworldnews.png"
      },
      {
        "title": "Campus Renovations Underway: New Library and Study Spaces!",
        "description": "Exciting news! The campus is...",
        "room": "fr/DeLozol",
        "roomImage": "images/FRdelozol.jpg"
      },
      {
        "title": "Met Gala 2024: Best and Worst Dressed",
        "description": "The Met Gala delivered again...",
        "room": "fr/fashion",
        "roomImage": "images/FRfashion.png"
      },
      {
        "title": "Global Climate Summit Key Takeaways",
        "description": "World leaders have concluded the Global Climate...",
        "room": "fr/worldnews",
        "roomImage": "images/FRworldnews.png"
      },
      {
        "title": "Cat Cafe Opening in BGC Next Month",
        "description": "Exciting news for cat lovers! A new cat cafe...",
        "room": "fr/catLovers",
        "roomImage": "images/FRcatLovers.png"
      }
    ],
    "posts": [
      {
        "user": "@roiMark",
        "date": "June 6, 2024",
        "room": "fr/DeLozol",
        "roomImage": "images/FRdelozol.jpg",
        "userImage": "images/prof-2.png",
        "title": "De La Salle Wins Regional Sports Championship!!",
        "description": "Congrats to our sports teams for winning the regional championship! Go, LaSalle!",
        "upvote": 659,
        "downvote": 43,
        "replynum": 126
      },
      {
        "user": "@juan01",
        "date": "June 6, 2024",
        "room": "fr/fashion",
        "roomImage": "images/FRfashion.png",
        "userImage": "images/prof-5.png",
        "title": "Sustainable Fashion Brands on the Rise",
        "description": "A new wave of sustainable fashion brands is making waves in the industry. Have you tried any of these?",
        "upvote": 603,
        "downvote": 23,
        "replynum": 99
      },
      {
        "user": "@vince34",
        "date": "June 6, 2024",
        "room": "fr/worldnews",
        "roomImage": "images/FRworldnews.png",
        "userImage": "images/prof-3.png",
        "title": "Historic Peace Treaty Signed in Middle East",
        "description": "A significant peace treaty has been signed in the Middle East, marking a hopeful turn in international relations.",
        "upvote": 599,
        "downvote": 58,
        "replynum": 347
      },
      {
        "user": "@gabLlenarez12",
        "date": "June 6, 2024",
        "room": "fr/catLovers",
        "roomImage": "images/FRcatLovers.png",
        "userImage": "images/prof-1.png",
        "title": "Adopt Dont Shop!",
        "description": "I am so fed up over people abandoning pets, especially cats, everywhere then going around to buy imported cats.",
        "upvote": 427,
        "downvote": 17,
        "replynum": 32
      },
      {
        "user": "@azaVelasquez",
        "date": "June 6, 2024",
        "room": "fr/programmer",
        "roomImage": "images/FRprogrammer.png",
        "userImage": "images/prof-4.png",
        "title": "New Python 3.10 Features Released",
        "description": "Python 3.10 is out with new pattern matching features and improved error messages. Have you upgraded yet?",
        "upvote": 405,
        "downvote": 23,
        "replynum": 342
      }
    ],
    "popularRooms": [
      {
        "name": "fr/worldnews",
        "members": 6339495,
        "image": "images/FRworldnews.png"
      },
      {
        "name": "fr/AllKpop",
        "members": 6334405,
        "image": "images/allkpop.jpg"
      },
      {
        "name": "fr/horrorEnthusiasts",
        "members": 5430109,
        "image": "images/frhorror.jpg"
      },
      {
        "name": "fr/movieClub",
        "members": 5339225,
        "image": "images/frmovie.jpg"
      },
      {
        "name": "fr/kdramaddicts",
        "members": 4984354,
        "image": "images/frkdrama.jpg"
      },
      {
        "name": "fr/invesTHINGS",
        "members": 4536657,
        "image": "images/frinvesthings.jpg"
      },
      {
        "name": "fr/bookRoom",
        "members": 3756863,
        "image": "images/frbook.jpg"
      },
      {
        "name": "fr/runners",
        "members": 3100495,
        "image": "images/frrunning.jpg"
      },
      {
        "name": "fr/doglovers",
        "members": 3005653,
        "image": "images/frdoglovers.jpg"
      },
      {
        "name": "fr/AllAboutPC",
        "members": 3000874,
        "image": "images/frpc.jpeg"
      }
    ]
  }
  