{
  "posts": [
      {
          "user": "@juan01",
          "title": "The DOTA2 situation is so nakakahiya",
          "date": "2024-06-04T00:00:00.000Z",
          "room": "fr/DeLozol",
          "post": "I am actually ashamed to realize that the whole DOTA2 tournament issue was started by a player from DLSU!! Like now my friends are calling me iyakin WHEN IM NOT EVEN THAT GUY HIMSELF. Next time guys wag kayo iiyak kapag may nagemote na kalaban kapag namatay kau thx.",
          "up": 402,
          "down": 96,
          "replies": [
              {
                  "user": "@azaVelasquez",
                  "reply": "Yeah it's kinda annoying but I guess that's the life we gotta live as Lozollians.",
                  "date": "2024-06-04T00:00:00.000Z",
                  "up": 25,
                  "down": 2,
                  "replies": [
                      {
                          "user": "@vince34",
                          "reply": "Welllll you guys kinda deserve it. Mga iyakin haha.",
                          "date": "2024-06-04T00:00:00.000Z",
                          "up": 3,
                          "down": 50
                      },
                      {
                          "user": "@juan01",
                          "reply": "Yo stop fighting di naman kayo yung naglalaro hahahaha",
                          "date": "2024-06-04T00:00:00.000Z",
                          "up": 1,
                          "down": 60
                      }
                  ]
              },
              {
                  "user": "@roiMark",
                  "reply": "RULES ARE RULES LOL",
                  "date": "2024-06-04T00:00:00.000Z",
                  "up": 1,
                  "down": 70,
                  "replies": [
                      {
                          "user": "@gabLlenarex12",
                          "reply": "Yeah but those rules were completely trash. Banter is embedded into Esports Culture.",
                          "date": "2024-06-04T00:00:00.000Z",
                          "up": 300,
                          "down": 1
                      }
                  ]
              }
          ]
      }
  ]
}
